<beans xmlns="http://www.springframework.org/schema/beans"
	xmlns:xsi="http://www.w3.org/2001/XMLSchema-instance"
	xmlns:context="http://www.springframework.org/schema/context"
	xsi:schemaLocation="http://www.springframework.org/schema/beans
    http://www.springframework.org/schema/beans/spring-beans-3.0.xsd
    http://www.springframework.org/schema/context
    http://www.springframework.org/schema/context/spring-context-3.0.xsd">

	<bean class="com.nec.springcore.Employee" id="emp"  >
		<constructor-arg name="empId" value="123"></constructor-arg>
		<constructor-arg name="empName" value="suresh"></constructor-arg>
		<constructor-arg name="empSal" value="89000"></constructor-arg>
		<constructor-arg name="empDesg" value="Developer"></constructor-arg>
	<!-- 	<constructor-arg name="adress" ref="add"></constructor-arg> -->
	</bean>
	<bean class="com.nec.springcore.Address" id="adress">
		<constructor-arg name="hno" value="22"></constructor-arg>
		<constructor-arg name="colony" value="rbicolony"></constructor-arg>
		<constructor-arg name="city" value="hyderabad"></constructor-arg>
		<constructor-arg name="pincode" value="501511"></constructor-arg>
	</bean>



</beans>


<!-- <bean class="com.nec.springcore.Employee" id="emp1"> <constructor-arg 
	name="empId" value="124"></constructor-arg> <constructor-arg name="empName" 
	value="naresh"></constructor-arg> <constructor-arg name="empSal" value="99000"></constructor-arg> 
	<constructor-arg name="empDesg" value="trainer"></constructor-arg> </bean> -->